{
  "feature_names": [
    "log_seq_len",
    "log_model_params",
    "log_gpu_count",
    "is_pd",
    "is_afd",
    "is_moe",
    "log_cp"
  ],
  "coefficients": {
    "ttft_p50_ms": {
      "coef": [
        -160.24644339465257,
        62.75190590520685,
        483.7087778569208,
        -117.92248751542452,
        281.4871273856734,
        -330.9268588938052,
        152.5931300071707
      ],
      "intercept": 0.0
    },
    "ttft_p99_ms": {
      "coef": [
        -227.9160064399069,
        125.80032685919132,
        679.619354163346,
        -268.8815359587777,
        282.8324665095233,
        -450.73594698455827,
        214.3960358227332
      ],
      "intercept": 0.0
    },
    "tpot_p50_ms": {
      "coef": [
        -0.09079840381828316,
        0.187820968183423,
        0.3298038269569958,
        -0.8299587517779952,
        -0.7711161980046,
        -0.17082210775969411,
        0.10404152363455219
      ],
      "intercept": 0.0
    },
    "tpot_p99_ms": {
      "coef": [
        -0.40691031586307275,
        0.6781967272614631,
        0.9273856418887743,
        -1.597548355771738,
        -1.8544939783444392,
        -0.4236306813417274,
        0.2925575972537724
      ],
      "intercept": 0.0
    }
  }
}